{
    "date": "2026-01-01",
    "url": "https://www.abc.es/economia/calendario-laboral-2026-dias-festivos-comunidad-autonoma-20260101060000-nt.html",
    "title": "Calendario laboral 2026: días festivos por comunidad autónoma",
    "content": "El primer día del año es buen momento para hacer un repaso de todos los festivos que nos esperan a lo largo de 2026 . Entre los que son comunes a toda España, dos caen en domingo ( el 1 de noviembre y el 6 de diciembre) por lo que son trasladados a otras fechas por cada comunidad autónoma para no perder días de fiesta. Festivos en 2026 en toda España 1 de enero, jueves. Año Nuevo. 6 de enero, martes. Epifanía del Señor. 3 de abril. Viernes Santo. 1 de mayo, viernes. Día del Trabajo. 15 de agosto, sábado. Asunción de Nuestra Señora. 12 de octubre, lunes. Fiesta Nacional. 8 de diciembre, martes. Inmaculada Concepción. 25 de diciembre, viernes. Navidad.Este 6 de enero , día de los Reyes Magos, no es festivo nacional, sino autonómico, pero todas las regiones lo han marcado como día no laborable, así que será día de descanso en toda España. En el siguiente calendario se muestran los festivos comunes en todo el país. También puedes seleccionar tu comunidad autónoma para ver qué otros días inhábiles habrá en tu región este 2026.La normativa estatal establece que debe haber 14 fiestas anuales no recuperables, remuneradas y de carácter obligatorio. De ellos, 12 corresponden a la suma de fiestas nacionales y de las comunidades autónomas. De ellas, nueve son de carácter nacional obligatorio y no sustituibles a no ser que coincidan en domingo. Esto son: 1 de enero, Viernes Santo (3 de abril en 2026), 1 de mayo, 15 de agosto, 12 de octubre, 1 de noviembre (que en 2026 cae en domingo), 6 de diciembre (también domingo en 2026), 8 de diciembre y 25 de diciembre.Los otros tres festivos de carácter nacional son opcionales , es decir, pueden ser sustituidos por las comunidades autónomas: el 6 de enero (festivo en todas este año) ; el Jueves Santo (que en 2026 se celebrará el 2 de abril); y se le da la posibilidad a las autonomías de escoger como opcional entre el 19 de marzo, San José, y el 25 de julio, Santiago Apóstol . Además, otros dos festivos son elegidos por cada ayuntamiento hasta sumas los 14 de los que debe gozar cada localidad. Puedes consultar a continuación los festivos que tendrá cada comunidad este 2026. Calendario laboral Andalucía 2026 Días festivos en Andalucía en 2026 1 de enero, jueves. Año Nuevo. 6 de enero, martes. Epifanía del Señor. 28 de febrero, sábado. Día de Andalucía. 2 de abril. Jueves Santo. 3 de abril. Viernes Santo. 1 de mayo, viernes. Día del Trabajo. 15 de agosto, sábado. Asunción de Nuestra Señora. 12 de octubre, lunes. Fiesta Nacional. 2 de noviembre, lunes. Traslado del Día de Todos los Santos. 7 de diciembre, lunes. Traslado del Día de la Constitución Española. 8 de diciembre, martes. Inmaculada Concepción. 25 de diciembre, viernes. Navidad.Calendario laboral Asturias 2026 Días festivos en Asturias en 2026 1 de enero, jueves. Año Nuevo. 6 de enero, martes. Epifanía del Señor. 2 de abril. Jueves Santo. 3 de abril. Viernes Santo. 1 de mayo, viernes. Día del Trabajo. 15 de agosto, sábado. Asunción de Nuestra Señora. 8 de septiembre, martes . Día de Asturias. 12 de octubre, lunes. Fiesta Nacional. 2 de noviembre, lunes. Traslado del Día de Todos los Santos. 7 de diciembre, lunes. Traslado del Día de la Constitución Española. 8 de diciembre, martes. Inmaculada Concepción. 25 de diciembre, viernes. Navidad.Calendario laboral Aragón 2026 Días festivos en Aragón en 2026 1 de enero, jueves. Año Nuevo. 6 de enero, martes. Epifanía del Señor. 2 de abril. Jueves Santo. 3 de abril. Viernes Santo. 23 de abril, jueves. Día de Aragón. 1 de mayo, viernes. Día del Trabajo. 15 de agosto, sábado. Asunción de Nuestra Señora. 12 de octubre, lunes. Fiesta Nacional. 2 de noviembre, lunes. Traslado del Día de Todos los Santos. 7 de diciembre, lunes. Traslado del Día de la Constitución Española. 8 de diciembre, martes. Inmaculada Concepción. 25 de diciembre, viernes. Navidad.Calendario laboral Baleares 2026 Días festivos en Baleares en 2026 1 de enero, jueves. Año Nuevo. 6 de enero, martes. Epifanía del Señor. 2 de marzo, lunes. Traslado del Día de Baleares. 2 de abril. Jueves Santo. 3 de abril. Viernes Santo. 6 de abril. Lunes de Pascua. 1 de mayo, viernes. Día del Trabajo. 15 de agosto, sábado. Asunción de Nuestra Señora. 12 de octubre, lunes. Fiesta Nacional. 8 de diciembre, martes. Inmaculada Concepción. 25 de diciembre, viernes. Navidad. 26 de diciembre, sábado. Segunda Fiesta de Navidad.Uno de los festivos autonómicos en Canarias es diferente en cada isla .Festivos propios de cada isla de Canarias en 2026 2 de febrero, lunes. Virgen de la Candelaria (Tenerife). 5 de agosto, miércoles. Virgen de Las Nieves (La Palma). 8 de septiembre, martes. Virgen del Pino (Gran Canaria). 15 de septiembre, martes. Virgen de Los Volcanes (Lanzarote y La Graciosa). 18 de septiembre, viernes. Virgen de La Peña (Fuerteventura). 24 de septiembre, jueves. Virgen de los Reyes (El Hierro). 5 de octubre, lunes. Virgen de Guadalupe (La Gomera).Calendario laboral Cantabria 2026 Días festivos en Cantabria en 2026 1 de enero, jueves. Año Nuevo. 6 de enero, martes. Epifanía del Señor. 2 de abril. Jueves Santo. 3 de abril. Viernes Santo. 1 de mayo, viernes. Día del Trabajo. 28 de julio, martes. Día de las Instituciones de Cantabria. 15 de agosto, sábado. Asunción de Nuestra Señora. 15 de septiembre, martes. La Bien Aparecida. 12 de octubre, lunes. Fiesta Nacional. 7 de diciembre, lunes. Traslado del Día de la Constitución Española. 8 de diciembre, martes. Inmaculada Concepción. 25 de diciembre, viernes. Navidad.Calendario laboral Castilla-La Mancha 2026 Días festivos en Castilla-La Mancha en 2026 1 de enero, jueves. Año Nuevo. 6 de enero, martes. Epifanía del Señor. 2 de abril. Jueves Santo. 3 de abril. Viernes Santo. 6 de abril. Lunes de Pascua.. 1 de mayo, viernes. Día del Trabajo. 4 de junio, jueves. Corpus Christi. 15 de agosto, sábado. Asunción de Nuestra Señora. 12 de octubre, lunes. Fiesta Nacional. 2 de noviembre, lunes. Traslado del Día de Todos los Santos. 8 de diciembre, martes. Inmaculada Concepción. 25 de diciembre, viernes. Navidad.Calendario laboral Castilla y León 2026 Días festivos en Castilla y León en 2026 1 de enero, jueves. Año Nuevo. 6 de enero, martes. Epifanía del Señor. 2 de abril. Jueves Santo. 3 de abril. Viernes Santo. 23 de abril, jueves. Día de Castilla y León. 1 de mayo, viernes. Día del Trabajo. 15 de agosto, sábado. Asunción de Nuestra Señora. 12 de octubre, lunes. Fiesta Nacional. 2 de noviembre, lunes. Traslado del Día de Todos los Santos. 7 de diciembre, lunes. Traslado del Día de la Constitución Española. 8 de diciembre, martes. Inmaculada Concepción. 25 de diciembre, viernes. Navidad.Calendario laboral Cataluña 2026 Días festivos en Cataluña en 2026 1 de enero, jueves. Año Nuevo. 6 de enero, martes. Epifanía del Señor. 3 de abril. Viernes Santo. 6 de abril. Lunes de Pascua. 1 de mayo, viernes. Día del Trabajo. 24 de junio, miércoles. San Juan. 15 de agosto, sábado. Asunción de Nuestra Señora. 11 de septiembre, viernes. Día de Cataluña. 12 de octubre, lunes. Fiesta Nacional. 8 de diciembre, martes. Inmaculada Concepción. 25 de diciembre, viernes. Navidad. 26 de diciembre, viernes. San Esteban.Calendario laboral Comunidad de Madrid 2026 Días festivos en la Comunidad de Madrid en 2026 1 de enero, jueves. Año Nuevo. 6 de enero, martes. Epifanía del Señor. 2 de abril. Jueves Santo. 3 de abril. Viernes Santo. 1 de mayo, viernes. Día del Trabajo. 2 de mayo, sábado. Día de la Comunidad de Madrid 15 de agosto, sábado. Asunción de Nuestra Señora. 12 de octubre, lunes. Fiesta Nacional. 2 de noviembre, lunes. Traslado del Día de Todos los Santos. 7 de diciembre, lunes. Traslado del Día de la Constitución Española. 8 de diciembre, martes. Inmaculada Concepción. 25 de diciembre, viernes. Navidad.Calendario laboral Comunidad Valenciana 2026 Días festivos en la Comunidad Valenciana en 2026 1 de enero, jueves. Año Nuevo. 6 de enero, martes. Epifanía del Señor. 19 de marzo, jueves. San José. 3 de abril. Viernes Santo. 6 de abril. Lunes de Pascua. 1 de mayo, viernes. Día del Trabajo. 24 de junio, miércoles. San Juan. 15 de agosto, sábado. Asunción de Nuestra Señora. 9 de octubre, viernes. Día de la Comunidad Valenciana. 12 de octubre, lunes. Fiesta Nacional. 8 de diciembre, martes. Inmaculada Concepción. 25 de diciembre, viernes. Navidad.Calendario laboral Extremadura 2026 Días festivos en Extremadura en 2026 1 de enero, jueves. Año Nuevo. 6 de enero, martes. Epifanía del Señor. 2 de abril. Jueves Santo. 3 de abril. Viernes Santo. 1 de mayo, viernes. Día del Trabajo. 15 de agosto, sábado. Asunción de Nuestra Señora. 8 de septiembre, martes. Día de Extremadura. 12 de octubre, lunes. Fiesta Nacional. 2 de noviembre, lunes. Traslado del Día de Todos los Santos. 7 de diciembre, lunes. Traslado del Día de la Constitución Española. 8 de diciembre, martes. Inmaculada Concepción. 25 de diciembre, viernes. Navidad.Calendario laboral Galicia 2026 Días festivos en Galicia en 2026 1 de enero, jueves. Año Nuevo. 6 de enero, martes. Epifanía del Señor. 19 de marzo, jueves. San José 2 de abril. Jueves Santo. 3 de abril. Viernes Santo. 1 de mayo, viernes. Día del Trabajo. 24 de junio, miércoles. San Juan. 25 de julio, sábado. Santiago Apóstol. Día de Galicia. 15 de agosto, sábado. Asunción de Nuestra Señora. 12 de octubre, lunes. Fiesta Nacional. 8 de diciembre, martes. Inmaculada Concepción. 25 de diciembre, viernes. Navidad.Calendario laboral La Rioja 2026 Días festivos en La Rioja en 2026 1 de enero, jueves. Año Nuevo. 6 de enero, martes. Epifanía del Señor. 2 de abril. Jueves Santo. 3 de abril. Viernes Santo. 6 de abril. Lunes de Pascua. 1 de mayo, viernes. Día del Trabajo. 9 de junio, martes. Día de La Rioja. 15 de agosto, sábado. Asunción de Nuestra Señora. 12 de octubre, lunes. Fiesta Nacional. 7 de diciembre, lunes. Traslado del Día de la Constitución Española. 8 de diciembre, martes. Inmaculada Concepción. 25 de diciembre, viernes. Navidad.Calendario laboral Navarra 2026 Días festivos en Navarra en 2026 1 de enero, jueves. Año Nuevo. 6 de enero, martes. Epifanía del Señor. 19 de marzo, jueves. San José. 2 de abril. Jueves Santo. 3 de abril. Viernes Santo. 6 de abril. Lunes de Pascua. 1 de mayo, viernes. Día del Trabajo. 15 de agosto, sábado. Asunción de Nuestra Señora. 12 de octubre, lunes. Fiesta Nacional. 2 de noviembre, lunes. Traslado del Día de Todos los Santos. 3 de diciembre, jueves. San Francisco Javier. 8 de diciembre, martes. Inmaculada Concepción. 25 de diciembre, viernes. Navidad.Calendario laboral Región de Murcia 2026 Días festivos en la Región de Murcia en 2026 1 de enero, jueves. Año Nuevo. 6 de enero, martes. Epifanía del Señor. 19 de marzo, jueves. San José. 2 de abril. Jueves Santo. 3 de abril. Viernes Santo. 1 de mayo, viernes. Día del Trabajo. 9 de junio, martes. Día de la Región de Murcia. 15 de agosto, sábado. Asunción de Nuestra Señora. 12 de octubre, lunes. Fiesta Nacional. 7 de diciembre, lunes. Traslado del Día de la Constitución Española. 8 de diciembre, martes. Inmaculada Concepción. 25 de diciembre, viernes. Navidad.Calendario laboral País Vasco 2026 Días festivos en País Vasco en 2026 1 de enero, jueves. Año Nuevo. 6 de enero, martes. Epifanía del Señor. 19 de marzo, jueves. San José. 2 de abril. Jueves Santo. 3 de abril. Viernes Santo. 6 de abril. Lunes de Pascua. 1 de mayo, viernes. Día del Trabajo. 25 de julio, sábado. Santiago Apóstol. Día de Galicia. 15 de agosto, sábado. Asunción de Nuestra Señora. 12 de octubre, lunes. Fiesta Nacional. 8 de diciembre, martes. Inmaculada Concepción. 25 de diciembre, viernes. Navidad.Calendario laboral Ceuta 2026 Días festivos en Ceuta en 2026 1 de enero, jueves. Año Nuevo. 6 de enero, martes. Epifanía del Señor. 20 de marzo, viernes. Fin del Ramadán. 2 de abril. Jueves Santo. 3 de abril. Viernes Santo. 1 de mayo, viernes. Día del Trabajo. 27 de mayo, miércoles. Fiesta del Sacrificio. 13 de junio, sábado. San Antonio. 5 de agosto, miércoles. Nuestra Señora de África. 15 de agosto, sábado. Asunción de Nuestra Señora. 2 de septiembre, miércoles . Día de Ceuta. 12 de octubre, lunes. Fiesta Nacional. 8 de diciembre, martes. Inmaculada Concepción. 25 de diciembre, viernes. Navidad.Calendario laboral Melilla 2026 Días festivos en Melilla en 2026 1 de enero, jueves. Año Nuevo. 6 de enero, martes. Epifanía del Señor. 20 de marzo, viernes. Fin del Ramadán. 2 de abril. Jueves Santo. 3 de abril. Viernes Santo. 1 de mayo, viernes. Día del Trabajo. 27 de mayo, miércoles. Fiesta del Sacrificio. 15 de agosto, sábado. Asunción de Nuestra Señora. 8 de septiembre, martes. Virgen de la Victoria. 17 de septiembre, jueves. Día de Melilla. 12 de octubre, lunes. Fiesta Nacional. 8 de diciembre, martes. Inmaculada Concepción. 7 de diciembre, lunes. Traslado del Día de la Constitución Española. 25 de diciembre, viernes. Navidad.Hasta ocho comunidades, entre las que se encuentran Andalucía, Asturias o la Comunidad de Madrid, han optado por trasladar los festivos que caen en domingo al lunes siguiente.",
    "document_type": "rss"
}